{
    "status": {
        "年": 690,
        "月": 12,
        "日": 24,
        "窒素": 10000000,
        "酸素": 3.1379423295239537,
        "二酸化炭素": 32063999010.90111,
        "水": 101882770.0,
        "有機物": 0,
        "低分子有機物": 20,
        "無機物": 7859930,
        "バクテリア": 1.8450000000000004,
        "微生物": 204001.01828750002,
        "菌": 210222.02620625,
        "植物": 20.17709831226822,
        "草食動物": 0.0,
        "肉食動物": 0.0,
        "人間": 0.0,
        "家畜": 12890625
    },
    "hazards": []
}